reviewId,userName,userImage,content,score,thumbsUpCount,reviewCreatedVersion,at,replyContent,repliedAt,appVersion,translated_content,resultRoberta,roberta_neg,roberta_neu,roberta_pos,compound,topic
65489cb3-b53e-45ba-a3ae-e5ec5cab5f28,Ù‚Ø±Ø§ØµÙ†Ø© Ø§Ù„Ø±ÙŠØ§Ø¶ÙŠØ§Øª,https://play-lh.googleusercontent.com/a-/ALV-UjWyFNUEjQlz_mPcmZFC-0t218J54fN4xzRrKm33fFsUFUViBmFb,Rahat ve konforlu,5,0,,2024-12-22 10:39:47,"Merhaba, deÄŸerlendirmeniz iÃ§in teÅŸekkÃ¼r ederiz! MÃ¼ÅŸteri memnuniyeti bizim iÃ§in her zaman en Ã¶nemli Ã¶nceliktir. Gelecekte de size en iyi hizmeti sunmak iÃ§in Ã§alÄ±ÅŸmaya devam edeceÄŸiz. ğŸ’š

",2024-12-22 15:04:59,,Comfortable and comfortable,"{'roberta_neg': 0.007461898, 'roberta_neu': 0.18836857, 'roberta_pos': 0.8041696}",0.007461898,0.18836857,0.8041696,0.7967077,General Feedback
4b734e47-3a1f-4758-ba53-3fc7be672d79,Muhammad Hamza,https://play-lh.googleusercontent.com/a-/ALV-UjVPtOrGMowgjUSnurAv9ACC3ZNyWJqVlZLl87ZmQ1Eu_WPfMieL,Good price and easy to use,5,0,7.4.2,2024-12-19 22:42:09,"Thank you so much for sharing your positive feedback with usğŸ’š
",2024-12-20 05:41:16,7.4.2,Good price and easy to use,"{'roberta_neg': 0.0045854524, 'roberta_neu': 0.059789576, 'roberta_pos': 0.935625}",0.0045854524,0.059789576,0.935625,0.9310396,Usability and Design
1ec359d2-05a3-4458-b7a4-7b5b8456e861,Ayse Elif Aktan,https://play-lh.googleusercontent.com/a-/ALV-UjXugnkpPvxSUdWo0kZMEzHne2JvgF3GInegzd4sSr6rE2UBjQA,TeÅŸekkÃ¼rler ğŸŒ¹,5,0,,2024-12-09 21:22:05,"Merhaba, deÄŸerlendirmeniz iÃ§in biz teÅŸekkÃ¼r ederiz. ğŸ’š

",2024-12-10 05:43:33,,Thanks ğŸŒ¹,"{'roberta_neg': 0.0073312684, 'roberta_neu': 0.22651064, 'roberta_pos': 0.76615804}",0.0073312684,0.22651064,0.76615804,0.7588268,General Feedback
f7c16854-0de6-449d-8a6a-6158632f445e,Ali Cakir,https://play-lh.googleusercontent.com/a-/ALV-UjUx0QU8B85gKblv4MLR9LHwkExsehGp_xI72-ISRoipo-FUYIE,"As im a Turkish man im looking for flights in Enuygun again from overseas coz more cheap n and optionals and free communicate with Enuygun is appreciated , thanks Enuygun ..",5,0,7.3.4,2024-12-05 06:58:09,"Merhaba, deÄŸerlendirmeniz iÃ§in teÅŸekkÃ¼r ederiz! MÃ¼ÅŸteri memnuniyeti bizim iÃ§in her zaman en Ã¶nemli Ã¶nceliktir. Gelecekte de size en iyi hizmeti sunmak iÃ§in Ã§alÄ±ÅŸmaya devam edeceÄŸiz. ğŸ’š

",2024-12-05 12:30:24,7.3.4,"As im a Turkish man im looking for flights in Enuygun again from overseas coz more cheap n and optionals and free communicate with Enuygun is appreciated , thanks Enuygun ..","{'roberta_neg': 0.0043779667, 'roberta_neu': 0.1294273, 'roberta_pos': 0.8661947}",0.0043779667,0.1294273,0.8661947,0.86181676,Customer Service
7d0d8206-0543-4d9b-a057-c736c10dc7c6,Erhan Ozcelik,https://play-lh.googleusercontent.com/a-/ALV-UjVzU4aJ14m-X6xK9tgnrwPQIgokiwsr8hJLFo7jzERC3ncBDveR,MÃ¼kemmel,5,0,7.3.4,2024-11-15 20:19:57,"Merhaba, memnuniyetiniz bizim iÃ§in Ã§ok deÄŸerli. DeÄŸerlendirmeniz ve yorumunuz iÃ§in teÅŸekkÃ¼r ederizğŸ’š",2024-11-16 06:45:16,7.3.4,Perfect,"{'roberta_neg': 0.04541072, 'roberta_neu': 0.30522624, 'roberta_pos': 0.64936304}",0.04541072,0.30522624,0.64936304,0.60395235,General Feedback
eb8c20d7-11ec-43d6-a40c-5645c14aadc7,Vahid Vali,https://play-lh.googleusercontent.com/a-/ALV-UjXjRpOqmuGU8ax2zcNY0Xry4elj9DWYXKZXVcVmA-jPutOCBfNJ,Very nice,5,0,7.3.4,2024-11-10 11:43:12,"Thank you so much for sharing your positive feedback with usğŸ’š

",2024-11-11 06:04:12,7.3.4,Very nice,"{'roberta_neg': 0.0050327964, 'roberta_neu': 0.03819719, 'roberta_pos': 0.95677}",0.0050327964,0.03819719,0.95677,0.9517372,General Feedback
03052842-cf24-474c-9738-f1bd7335360b,hasan aslan,https://play-lh.googleusercontent.com/a-/ALV-UjVFZjHUmECuyqSlupgZfZbH7LPVWQesWNs-yPG2aMIhz5gRJRwe,Very good,5,0,7.3.3,2024-10-25 17:54:35,"Merhaba, deÄŸerlendirmeniz iÃ§in teÅŸekkÃ¼r ederiz! MÃ¼ÅŸteri memnuniyeti bizim iÃ§in her zaman en Ã¶nemli Ã¶nceliktir. Gelecekte de size en iyi hizmeti sunmak iÃ§in Ã§alÄ±ÅŸmaya devam edeceÄŸiz. ğŸ’š

",2024-10-26 06:35:19,7.3.3,Very good,"{'roberta_neg': 0.0052738166, 'roberta_neu': 0.04285179, 'roberta_pos': 0.9518744}",0.0052738166,0.04285179,0.9518744,0.94660056,General Feedback
99291d5d-26fc-4340-8960-b2ee1310a3c5,Mehmet,https://play-lh.googleusercontent.com/a/ACg8ocIqbqGhacm1yleKXNMEpfnwhsIHL4ukrPFRS9MWLgoNa19oMA=mo,"Bilet satmak iÃ§in ""son 2 koltuk"" diyor, ancak son 2 koltuÄŸu satÄ±n aldÄ±ÄŸÄ±m halde satÄ±ÅŸa devam edip hala son 2 koltuk diyor. SatÄ±ÅŸ taktiÄŸi olarak insanlarÄ± kandÄ±rÄ±p aceleye getirmek bÃ¼yÃ¼k ahlaksÄ±zlÄ±k.",1,0,,2024-10-24 22:28:46,"Merhaba Mehmet Bey, Ã¶ncelikle yaÅŸadÄ±ÄŸÄ±nÄ±z deneyim iÃ§in Ã¼zgÃ¼nÃ¼z. Bilet kontenjanlarÄ±nÄ± firmalarÄ±n sistemlerinden anlÄ±k olarak Ã§ekerek sizlere iletiyoruz. Ä°letiÅŸim bilgilerinizi talep@enuygun.com adresine gÃ¶ndererek bizimle paylaÅŸabilirseniz konu hakkÄ±nda size daha detaylÄ± bilgi vermek isteriz. Ä°yi gÃ¼nler dileriz.",2024-10-25 05:47:48,,"He says ""last 2 seats"" to sell tickets, but even though I bought the last 2 seats, he still continues to sell and still says the last 2 seats.It is great immorality to deceive and hurry people as a sales tactic.","{'roberta_neg': 0.8152097, 'roberta_neu': 0.16948605, 'roberta_pos': 0.015304246}",0.8152097,0.16948605,0.015304246,-0.7999054,Errors and Technical Issues
6297f2a7-f891-4169-bccc-1d330d34c34f,HÃ¼seyin.Dindar,https://play-lh.googleusercontent.com/a-/ALV-UjWKyy-8dCvhgOE--XniChgh7fDrSCaVlSXcNHfKdoNvRCJlHDSm,Ã‡ok kolay kullanÄ±mÄ±,5,0,7.2.6,2024-10-17 09:04:54,"Merhaba, deÄŸerlendirmeniz iÃ§in teÅŸekkÃ¼r ederiz! MÃ¼ÅŸteri memnuniyeti bizim iÃ§in her zaman en Ã¶nemli Ã¶nceliktir. Gelecekte de size en iyi hizmeti sunmak iÃ§in Ã§alÄ±ÅŸmaya devam edeceÄŸiz. ğŸ’š

",2024-10-17 11:33:54,7.2.6,Very easy to use,"{'roberta_neg': 0.0046823826, 'roberta_neu': 0.06733092, 'roberta_pos': 0.9279867}",0.0046823826,0.06733092,0.9279867,0.9233043,Usability and Design
a91fa191-34bb-47c2-a471-d4d491d10b59,Foulscene 13,https://play-lh.googleusercontent.com/a-/ALV-UjV00BK-FLUtOi71Mxqw8odKSe7pMU91m_SREmMe8A-lfT8aY-U,gayet iÅŸe yarÄ±yor,5,0,7.2.6,2024-10-04 11:09:55,"Merhaba, yorumunuz iÃ§in Ã§ok teÅŸekkÃ¼r ederiz! MÃ¼ÅŸteri memnuniyeti bizim iÃ§in her zaman en Ã¶nemli Ã¶nceliktir. Gelecekte de size en iyi hizmeti sunmak iÃ§in Ã§alÄ±ÅŸmaya devam edeceÄŸiz. ğŸ’š

",2024-10-04 12:25:03,7.2.6,It works very much,"{'roberta_neg': 0.0048800404, 'roberta_neu': 0.08480274, 'roberta_pos': 0.91031724}",0.0048800404,0.08480274,0.91031724,0.90543723,General Feedback
f289c4fa-26e1-452a-9789-941be4f5d553,JeWeL Kebriya,https://play-lh.googleusercontent.com/a-/ALV-UjXJDahaaYKVkSg-egeY2DWekXDTrPvDOV6ze5TEcBKqn3RXULQB,Fena deÄŸildir,5,0,7.2.6,2024-10-03 10:35:31,"Merhaba, deÄŸerlendirmeniz iÃ§in teÅŸekkÃ¼r ederiz.ğŸ’š

",2024-10-03 12:13:37,7.2.6,Not bad,"{'roberta_neg': 0.018212808, 'roberta_neu': 0.15193169, 'roberta_pos': 0.82985556}",0.018212808,0.15193169,0.82985556,0.81164277,General Feedback
f974cb89-f565-42ef-98d2-61a067af51b5,Habeeb Ali,https://play-lh.googleusercontent.com/a/ACg8ocKL6w9QCswnVWC8uhus3lc_zRgmiaHzdCjLC6je7CzOCBsXsg=mo,price is so good for all types of travels from native people and foreign with so much options to choose from.,5,0,7.2.6,2024-10-03 10:02:43,"Thank you so much for sharing your positive feedback with usğŸ’š
",2024-10-03 12:13:10,7.2.6,price is so good for all types of travels from native people and foreign with so much options to choose from.,"{'roberta_neg': 0.0015310082, 'roberta_neu': 0.026969537, 'roberta_pos': 0.97149944}",0.0015310082,0.026969537,0.97149944,0.96996844,General Feedback
dbbd5f3b-ea1f-433d-a202-0aa854fadce0,Cb,https://play-lh.googleusercontent.com/a/ACg8ocIjuq_R0z8rL1HsDC0JNfgzHxtx48RJGKrO7qAw4c08wjFLRQ=mo,they will not refund you even if the mistake is on them. Thieves,1,1,7.2.6,2024-09-30 23:16:21,"Hello, first and foremost, we are sorry for the experience you have had. We would like to learn more about the situation you encountered and offer a solution. Could you please send your contact information to talep@enuygun.com so that we can reach you regarding this matter?",2024-10-01 06:04:05,7.2.6,they will not refund you even if the mistake is on them. Thieves,"{'roberta_neg': 0.90720236, 'roberta_neu': 0.08658536, 'roberta_pos': 0.006212318}",0.90720236,0.08658536,0.006212318,-0.90099007,Costs and Fees
e1de149b-d249-4670-b816-c6c1afbea3ae,Lala,https://play-lh.googleusercontent.com/a-/ALV-UjU8zugGFXIfdfqAE2JUmv4lD81JvtYzdJ3oi0b2RTUAHHGft2dL,MÃ¼kemmel,5,0,7.2.6,2024-09-19 06:02:31,"Merhaba, deÄŸerli yorumunuz iÃ§in Ã§ok teÅŸekkÃ¼r ederiz! UygulamamÄ±zdan memnun kalmanÄ±za Ã§ok sevindik. MÃ¼ÅŸteri memnuniyeti bizim iÃ§in her zaman en Ã¶nemli Ã¶nceliktir. Gelecekte de size en iyi hizmeti sunmak iÃ§in Ã§alÄ±ÅŸmaya devam edeceÄŸiz. ğŸ’š

",2024-09-19 10:58:10,7.2.6,Perfect,"{'roberta_neg': 0.04541072, 'roberta_neu': 0.30522624, 'roberta_pos': 0.64936304}",0.04541072,0.30522624,0.64936304,0.60395235,General Feedback
ca7b36cd-d791-4b86-b5c9-1c9f85f7f1c3,Muhammed Emin Ali SÃ–NMEZ (SevotieS),https://play-lh.googleusercontent.com/a-/ALV-UjWu2LF2PnMRYF6PNqzClUoOI7ulQUbOF_s4esBxoPp3_IgyX3PH,HÄ±zlÄ± ve pratik,5,0,7.2.6,2024-09-08 17:05:55,Bunu duyduÄŸumuza Ã§ok sevindikğŸ¥° GÃ¼zel yorumunuz iÃ§in teÅŸekkÃ¼rlerğŸ’,2024-09-08 17:45:28,7.2.6,Fast and practical,"{'roberta_neg': 0.02919061, 'roberta_neu': 0.64651644, 'roberta_pos': 0.32429287}",0.02919061,0.64651644,0.32429287,0.29510227,Usability and Design
d79719c1-9bc2-4bff-a53f-1c0dde16445e,negar vafaei,https://play-lh.googleusercontent.com/a-/ALV-UjWwQ28RCL6-1sRfcl_fDlLGXRzbMOdf2GJJoZBrNvRy5nRG56Nl,I have taken the most affordable trips with this app. It really provides the best airlines with the best price compared to other apps that I have used. I highly recommend it .,5,0,7.2.6,2024-09-07 06:45:46,Thank you so much for sharing your positive feedback with usğŸ’š,2024-09-08 07:31:10,7.2.6,I have taken the most affordable trips with this app. It really provides the best airlines with the best price compared to other apps that I have used. I highly recommend it .,"{'roberta_neg': 0.0012894442, 'roberta_neu': 0.011360183, 'roberta_pos': 0.9873504}",0.0012894442,0.011360183,0.9873504,0.986061,Usability and Design
b6b23ca2-9e19-41cf-8096-40ef154d4806,Dirim KottaÅŸ,https://play-lh.googleusercontent.com/a-/ALV-UjU0BxBXlhRbC8aNIrDa2x03AMdGIXb26Hs2jlm6_gFTH5nVg_Q0,SÃ¼per,5,0,7.2.6,2024-09-05 16:01:07,"Merhaba, deÄŸerli yorumunuz iÃ§in Ã§ok teÅŸekkÃ¼r ederiz! UygulamamÄ±zdan memnun kalmanÄ±za Ã§ok sevindik. MÃ¼ÅŸteri memnuniyeti bizim iÃ§in her zaman en Ã¶nemli Ã¶nceliktir. Gelecekte de size en iyi hizmeti sunmak iÃ§in Ã§alÄ±ÅŸmaya devam edeceÄŸiz. ğŸ’š

",2024-09-05 20:17:37,7.2.6,Super,"{'roberta_neg': 0.06161725, 'roberta_neu': 0.3926653, 'roberta_pos': 0.5457174}",0.06161725,0.3926653,0.5457174,0.48410016,General Feedback
ca6f1f0c-2d33-4a56-9a57-4f44b32600cb,Ali Murat YardÄ±mcÄ±,https://play-lh.googleusercontent.com/a/ACg8ocJXu-psbf6vtpYuwOXaKcfp__JXSyojgr7Hqzi3z45ftfqjwA=mo,really nice,5,0,7.2.6,2024-09-04 14:06:02,"Thank you so much for sharing your positive feedback with usğŸ’š
",2024-09-04 15:01:00,7.2.6,really nice,"{'roberta_neg': 0.0058376733, 'roberta_neu': 0.049550205, 'roberta_pos': 0.9446121}",0.0058376733,0.049550205,0.9446121,0.9387744,General Feedback
a0ef74b0-786b-4fab-9952-b7d95c2e9861,Ada Wong,https://play-lh.googleusercontent.com/a-/ALV-UjU6V0Oi2zdksc8pCJ1gak1u5kFamlM05hwnfM9Ri8gEYSQSNJZ_,Biletimi gÃ¶rÃ¼ntÃ¼lemek adÄ±na mail geliyor bana ve Biletimi gÃ¶rÃ¼ntÃ¼lemek istediÄŸimde uygulamayÄ± indirmemi istiyor. Ä°ndiriyorum yine gÃ¶stermiyor!,1,0,7.2.6,2024-09-02 16:37:00,"Merhaba, biletinizi e-posta iÃ§eriÄŸindeki PDF dosyasÄ±ndan gÃ¶rÃ¼ntÃ¼leyebilirsiniz. EÄŸer biletinizi Ã¼yelikle aldÄ±ysanÄ±z, uygulamada ""Biletlerim"" kÄ±smÄ±nda da gÃ¶rebilirsiniz. Sorun devam ederse, lÃ¼tfen bizimle iletiÅŸime geÃ§in, size yardÄ±mcÄ± olmaktan memnuniyet duyarÄ±z. TeÅŸekkÃ¼rler.",2024-09-03 05:49:15,7.2.6,"The e -mail comes to me to view my ticket and when I want to view my ticket, he wants me to download the app.I am downloading it does not show again!","{'roberta_neg': 0.6726491, 'roberta_neu': 0.28850102, 'roberta_pos': 0.03884985}",0.6726491,0.28850102,0.03884985,-0.63379925,Errors and Technical Issues
6969a0ed-0177-40bc-84ae-dac959c768fa,Resat Erenci,https://play-lh.googleusercontent.com/a-/ALV-UjWBcljAHGCdcQQq2z3R4lGnelKztYVyl_49e6FzZheOtOiscv4,Nice/Large selection of Bus companies ğŸšŒ. Thanks for the extra savings on the return tickets ğŸ«.,4,1,7.2.6,2024-09-01 16:58:32,"Thank you so much for sharing your positive feedback with usğŸ’š
",2024-09-02 06:00:16,7.2.6,Nice/Large selection of Bus companies ğŸšŒ. Thanks for the extra savings on the return tickets ğŸ«.,"{'roberta_neg': 0.0016234026, 'roberta_neu': 0.029925443, 'roberta_pos': 0.9684512}",0.0016234026,0.029925443,0.9684512,0.9668278,General Feedback
d2716e14-1fc5-421b-8160-b521335daa74,Tufan TiÄŸiz,https://play-lh.googleusercontent.com/a-/ALV-UjXw9krcl5i9juxEMDZcqcNjk9DaKvqDzXS7F_N8FmKi89QXOEE4,I like this application. It's wonderful.,5,0,7.2.6,2024-08-31 12:43:29,"Thank you so much for sharing your positive feedback with usğŸ’š
",2024-08-31 15:41:42,7.2.6,I like this application. It's wonderful.,"{'roberta_neg': 0.0018670829, 'roberta_neu': 0.007918887, 'roberta_pos': 0.99021405}",0.0018670829,0.007918887,0.99021405,0.988347,Usability and Design
b788673c-e06f-499d-9e52-94bdbdff3bcb,azer canada,https://play-lh.googleusercontent.com/a-/ALV-UjV4sE7UaL-2NaZIZ0zL7xktcpnTIqESixp8dUIR8DnHKGd0HLKq,"Good and fast service, Teshekkurler ğŸ™ğŸ™ğŸ‡¦ğŸ‡¿ğŸ‡¹ğŸ‡·",5,0,,2024-08-30 13:48:58,"Merhaba, deÄŸerli yorumunuz iÃ§in Ã§ok teÅŸekkÃ¼r ederiz! UygulamamÄ±zdan memnun kalmanÄ±za Ã§ok sevindik. MÃ¼ÅŸteri memnuniyeti bizim iÃ§in her zaman en Ã¶nemli Ã¶nceliktir. Gelecekte de size en iyi hizmeti sunmak iÃ§in Ã§alÄ±ÅŸmaya devam edeceÄŸiz. ğŸ’š

",2024-08-30 15:38:24,,"Good and fast service, Teshekkurler ğŸ™ğŸ™ğŸ‡¦ğŸ‡¿ğŸ‡¹ğŸ‡·","{'roberta_neg': 0.0017947084, 'roberta_neu': 0.038112424, 'roberta_pos': 0.9600929}",0.0017947084,0.038112424,0.9600929,0.9582982,Customer Service
e4fc143b-ae2b-4b3b-bbdb-f02e13f2878b,Mohamad Suhaib Herh,https://play-lh.googleusercontent.com/a-/ALV-UjVPHKgk6IpFSvqtGUA-XVUiOQo9u3EtNvboJ94OSa9NlJVr0t53,The most suitable to find cheapest and better offers,5,0,7.2.6,2024-08-25 19:36:22,"Bunu duyduÄŸumuza Ã§ok sevindikğŸ¥° GÃ¼zel yorumunuz iÃ§in teÅŸekkÃ¼rlerğŸ’
",2024-08-26 06:44:48,7.2.6,The most suitable to find cheapest and better offers,"{'roberta_neg': 0.016078606, 'roberta_neu': 0.33897072, 'roberta_pos': 0.6449506}",0.016078606,0.33897072,0.6449506,0.62887204,General Feedback
080f2152-bf3b-4473-be5d-83ed91106274,Khalid Saeed,https://play-lh.googleusercontent.com/a-/ALV-UjWTIXTzFR9RoUX9bHuFORX3ox6n3lN8uInQezXADobQENgZWVU,Bad customer service and bad services I do not recommend dealing with them at all. Very bad service Ø¨Ø§Ù„Ø¹Ø±Ø¨ÙŠ Ø³ÙŠØ¦ÙŠÙ† Ø¬Ø¯Ø§ Ø®Ø¯Ù…Ø© Ø§Ù„Ø¹Ù…Ù„Ø§Ø¡ Ø¹Ù„Ø´Ø§Ù† ØªØ§Ø®Ø° Ø­Ù‚ Ù…Ù†Ù‡Ù… ÙŠØ¨ØºØ§Ù„Ùƒ ØªØ¬Ø±ÙŠ ÙˆØ±Ø§Ù‡Ù… Ø¬Ø±ÙŠ Ø¹Ù„Ø´Ø§Ù† Ø­Ù‚Ùƒ ÙŠØ¬ÙŠÙƒ Ø·Ø¨Ø¹Ø§ ÙŠ Ø§Ù„Ù„Ù‡ ØªÙ„Ø§Ù‚ÙŠ Ø§Ø­Ø¯ ÙŠØªÙƒÙ„Ù… Ø§Ù†Ø¬Ù„ÙŠØ²ÙŠ ÙŠØ¹Ù†ÙŠ ÙŠØ¨ØºØ§Ù„Ùƒ Ù„ØºØ© ÙˆØªÙ„Ø§Ø­Ù‚ ÙˆØ±Ø§Ù‡Ù… ÙˆÙÙˆÙ‚ Ø°Ø§ ÙƒÙ„Ù‡ ÙŠØ­Ù…Ù„ÙˆÙƒ Ù…Ù† ØºÙ„Ø·Ù‡Ù… Ù†Ø³Ø¨Ø© Ù„Ø§Ø³ØªØ±Ø¬Ø§Ø¹ Ø­Ù‚Ùƒ Ù…ÙˆÙ‚Ø¹ ØºØ±ÙŠØ¨ Ø¨Ø´ÙƒÙ„ ÙŠØ¹Ù†ÙŠ Ù…Ø§ Ø§Ø¯Ø±ÙŠ Ù‡Ù„ Ù‡ÙŠ Ø§Ù„Ø±Ù‚Ø§Ø¨Ø© Ø³ÙŠØ¦Ù‡ Ø¹Ù†Ø¯Ù‡Ù… Ø§Ùˆ Ø§ÙŠØ´ Ø§Ù„Ù„Ù‡ ÙˆØ§Ø¹Ù„Ù… ØªÙˆØ¨Ø© Ø¹Ø§Ø¯ Ø§ÙÙƒØ± Ø§ØªØ¹Ø§Ù…Ù„ Ù…Ø¹Ø§Ù‡Ù… ğŸ¤¬ğŸ«·ğŸ«¸â›”â›”,1,1,7.2.2,2024-07-03 15:41:48,"Ø£Ù‡Ù„Ù‹Ø§ Ø¨ÙƒØŒ Ù…Ù„Ø§Ø­Ø¸Ø§ØªÙƒ Ù…Ù‡Ù…Ø© Ø¨Ø§Ù„Ù†Ø³Ø¨Ø© Ù„Ù†Ø§ ÙˆÙ†Ø­Ù† Ù†Ø³Ø¹Ù‰ Ø¬Ø§Ù‡Ø¯ÙŠÙ† Ù„ØªØ­Ø³ÙŠÙ† Ø®Ø¯Ù…Ø§ØªÙ†Ø§ Ø¨Ù†Ø§Ø¡Ù‹ Ø¹Ù„Ù‰ ØªØ¬Ø§Ø±Ø¨ Ø¹Ù…Ù„Ø§Ø¦Ù†Ø§. Ù†Ø±Ø¬Ù‰ Ù…Ù†Ùƒ ØªÙ‚Ø¯ÙŠÙ… Ø§Ù„Ù…Ø²ÙŠØ¯ Ù…Ù† Ø§Ù„ØªÙØ§ØµÙŠÙ„ Ø¥Ù„Ù‰ nisa.tansu@wingie.com Ø­ØªÙ‰ Ù†ØªÙ…ÙƒÙ† Ù…Ù† Ø­Ù„ Ù…Ø´ÙƒÙ„ØªÙƒ Ø¨Ø´ÙƒÙ„ ÙØ¹Ø§Ù„. Ù†Ø±ÙŠØ¯ Ø£Ù† Ù†ØªØ£ÙƒØ¯ Ù…Ù† Ø£Ù†Ù†Ø§ Ù…Ù„ØªØ²Ù…ÙˆÙ† Ø¨Ø±Ø¶Ø§ÙƒÙ… ÙˆÙ…ÙˆØ«ÙˆÙ‚ÙŠØªÙƒÙ….
",2024-07-03 15:31:25,7.2.2,"BAD CUSTOMER Service and Bad Services I do Not Recomment Dealing with them at all.Vry Bad Service in Arabic is very bad, customer service, so that you can take a right from them that you want to run and see them running so that your right will come to you, of course, God will meet someone who speaks English, I mean, you want you a language and chasing them and their lips and above all they carry you from their mistake in relation to the recovery of your right, a strange location in a way that means what I know is it the censorship is badThey have, or what God knows, and I know repentance, I am thinking about dealing with them ğŸ¤¬ğŸ«·ğŸ«¸â›”â›”","{'roberta_neg': 0.69965756, 'roberta_neu': 0.2732751, 'roberta_pos': 0.02706729}",0.69965756,0.2732751,0.02706729,-0.67259026,Customer Service
e521f2fa-42e5-4cd5-8a79-43bfdd30f775,Mahmoud Shehab,https://play-lh.googleusercontent.com/a-/ALV-UjVr9NI5ATCJD4EvoOCl2BdrE0gxuQX7kbMnDJKlARqsGs7KCTGN,MÃ¼kemmel,5,0,7.2.2,2024-06-30 19:30:52,"Bunu duyduÄŸumuza Ã§ok sevindikğŸ¥° GÃ¼zel yorumunuz iÃ§in teÅŸekkÃ¼rlerğŸ’

",2024-07-01 06:45:51,7.2.2,Perfect,"{'roberta_neg': 0.04541072, 'roberta_neu': 0.30522624, 'roberta_pos': 0.64936304}",0.04541072,0.30522624,0.64936304,0.60395235,General Feedback
02c59a4f-5188-4388-bcee-77c0225ae1eb,Resat Resat Kursun,https://play-lh.googleusercontent.com/a/ACg8ocLwHAawFmjo49UpQAYoogFvyNt2zRakU7KEN-9Y3B3VS0jgKg=mo,Very good,5,0,7.2.1,2024-06-19 04:17:25,"Thank you so much for sharing your positive feedback with usğŸ’š
",2024-06-19 06:05:24,7.2.1,Very good,"{'roberta_neg': 0.0052738166, 'roberta_neu': 0.04285179, 'roberta_pos': 0.9518744}",0.0052738166,0.04285179,0.9518744,0.94660056,General Feedback
a654e1cd-1019-420e-ba3e-3ffefbbb06bd,Mohammad Reza Hamdard,https://play-lh.googleusercontent.com/a-/ALV-UjWihR3UizHh-yvVQOmXrOlppidAOui2bX9z5-Vg74P6gU_g_As,Ã‡ok iyi,5,0,7.2.2,2024-06-16 09:00:02,"Merhaba Mohammad Reza Bey, deÄŸerlendirmeniz ve yorumunuz iÃ§in teÅŸekkÃ¼r ederizğŸ’š",2024-06-17 05:53:08,7.2.2,Very good,"{'roberta_neg': 0.0052738166, 'roberta_neu': 0.04285179, 'roberta_pos': 0.9518744}",0.0052738166,0.04285179,0.9518744,0.94660056,General Feedback
f43a7c2b-48ac-4d31-bf16-0f1945c46c4b,Muhammed ALTIN,https://play-lh.googleusercontent.com/a/ACg8ocINoYB7-tHYtYGPeYMcdXQrIjVvkS6TuR9xUtUTJ0dd6CbwZYc=mo,Enuygun'un bendeki algÄ±sÄ± artÄ±k EnKÃ¶tÃ¼â¡ï¸â¡ï¸ğŸ‘ğŸ‘ğŸ‘Olmayan rotada bilet satmÄ±ÅŸlar. YarÄ±m saat bekledikten sonra otogardaki gÃ¶revliler ilgili otobÃ¼s firmasÄ±nÄ±n otogara uÄŸramadÄ±ÄŸÄ±nÄ± belirtince farklÄ± bir firmadan bilet aldÄ±k. Åimdi de iadesi iÃ§in uÄŸraÅŸÄ±yoruz. Edit: Ã¼Ã§Ã¼ncÃ¼ veya dÃ¶rdÃ¼ncÃ¼ aramamda bile hÃ¢lÃ¢ geri iadeyi yapmadÄ±lar. Her defasÄ±nda ortalama 8-10 dakika mÃ¼ÅŸteriye baÄŸlanmak iÃ§in bekliyorsunuz. AyrÄ±ca otobÃ¼s ÅŸirketinden bilet almak ile bunlar arasÄ±nda almak arasÄ±nda 100â‚º oynuyor.,1,1,7.2.1,2024-06-15 08:57:52,"Merhaba, Ã¶ncelikle yaÅŸadÄ±ÄŸÄ±nÄ±z deneyim iÃ§in Ã¼zgÃ¼nÃ¼z. OtobÃ¼s araÃ§ tipi, koltuk numaralarÄ±, gÃ¼zergÃ¢h, sefer sÃ¼resindeki iÅŸleyiÅŸ ve seyahat sÃ¼resi tamamen firmalardan bize gelen bilgilerdir ve operasyonel nedenlerden dolayÄ± deÄŸiÅŸiklik gÃ¶sterebilir. YaÅŸadÄ±ÄŸÄ±nÄ±z durumun mÃ¼dahale edebileceÄŸimiz bir kapsamda olmadÄ±ÄŸÄ±nÄ± belirtir, iyi gÃ¼nler dileriz.
",2024-06-11 15:06:41,7.2.1,"Enuygun's perception in me has now sold tickets on the uninterrupted route.After waiting for half an hour, the officers in the bus station stated that the relevant bus company did not stop by the bus station.Now we're trying to return it.Edit: even in my third or fourth search, they still did not refund back.Each time you wait for an average of 8-10 minutes to connect to the customer.It also plays 100â‚º between buying tickets from the bus company and buying them.","{'roberta_neg': 0.6929965, 'roberta_neu': 0.27536556, 'roberta_pos': 0.03163793}",0.6929965,0.27536556,0.03163793,-0.6613586,Errors and Technical Issues
c4021a88-1f4f-4452-b2eb-a3d93711061a,M. SaÄŸlam,https://play-lh.googleusercontent.com/a-/ALV-UjWzQmXlrlj7fv3Ell2g4o0YddAsyqaTtHZ9MWi2xh1T2PUWs_E,Cok hizli zahmetsiz ve sorunsuz calisiyor,5,0,7.2.2,2024-06-13 11:40:34,"Merhaba, uygulamamÄ±zdan memnun kalmanÄ±za Ã§ok sevindik. MÃ¼ÅŸteri memnuniyeti bizim iÃ§in her zaman en Ã¶nemli Ã¶nceliktir. Gelecekte de size en iyi hizmeti sunmak iÃ§in Ã§alÄ±ÅŸmaya devam edeceÄŸiz. ğŸ’š

",2024-06-13 12:08:54,7.2.2,Very fast and working without any problems,"{'roberta_neg': 0.0037638743, 'roberta_neu': 0.085873805, 'roberta_pos': 0.9103623}",0.0037638743,0.085873805,0.9103623,0.90659845,General Feedback
1229c46d-4f92-4e01-9cd7-8fdef049e660,Enver HACIHALÄ°T,https://play-lh.googleusercontent.com/a-/ALV-UjUBxVC6-VEkIFaMmhWWpUIdrVf8atwM26Fjh-7IBgEmdKdo_a8D,MÃ¼kemmel,5,0,7.1.7,2024-05-12 14:35:05,"Merhaba Enver Bey, DeÄŸerlendirmeniz ve yorumunuz iÃ§in teÅŸekkÃ¼r ederizğŸ’š

",2024-05-12 18:43:21,7.1.7,Perfect,"{'roberta_neg': 0.04541072, 'roberta_neu': 0.30522624, 'roberta_pos': 0.64936304}",0.04541072,0.30522624,0.64936304,0.60395235,General Feedback
dede16ef-8e7f-4b63-af8b-d00a82475e1f,gÃ¶khan Akarsu,https://play-lh.googleusercontent.com/a-/ALV-UjW8fM87FfhpDlOhNyPO6mttZpGcN7sBz5CElETOf04yG2rsmt1ZoA,Siz nasÄ±l bir uygulamasÄ±nÄ± ki firmalarÄ±n aldÄ±ÄŸÄ± kararlarÄ± mÃ¼ÅŸterilerin yerine sorgulama hakkÄ±nÄ± kendinizde gÃ¶rÃ¼yorsunuz. Birdaha asla.,1,0,5.18,2024-05-11 19:29:42,"Merhaba, online check-in e-posta bildirimi hizmetimiz bulunuyor. DeÄŸerlendirmeniz iÃ§in teÅŸekkÃ¼r ederizğŸ’š",2022-12-17 06:56:05,5.18,You see what kind of application you have the right to question the decisions of the companies instead of customers.Never again.,"{'roberta_neg': 0.851467, 'roberta_neu': 0.13855714, 'roberta_pos': 0.009975751}",0.851467,0.13855714,0.009975751,-0.8414913,General Feedback
b98728d6-68e9-4cf0-8cd5-a1ddea30be34,Babak Danesh,https://play-lh.googleusercontent.com/a-/ALV-UjXP2hj6CNDODUjvOeYZZdVvhEZ9KTCHKzou9XFLkIaC6KtD4uTH8Q,Very useful and practical app,5,0,7.1.7,2024-05-10 07:39:20,"Thank you so much for sharing your positive feedback with usğŸ’š

",2024-05-10 11:09:40,7.1.7,Very useful and practical app,"{'roberta_neg': 0.002409209, 'roberta_neu': 0.027364288, 'roberta_pos': 0.97022647}",0.002409209,0.027364288,0.97022647,0.96781725,Usability and Design
1edf1439-886c-4957-9756-40086f8f0c55,Ahmed YÃ¼nso,https://play-lh.googleusercontent.com/a/ACg8ocJt64S5xPdywOVMkucFZ_99iKOumQ_YHNaKEtLJHWNLMoASog=mo,MÃ¼kemmel,5,0,7.1.7,2024-05-08 17:03:56,,,7.1.7,Perfect,"{'roberta_neg': 0.04541072, 'roberta_neu': 0.30522624, 'roberta_pos': 0.64936304}",0.04541072,0.30522624,0.64936304,0.60395235,General Feedback
5ebc1366-c803-4dfb-bb14-f44cb8e0d546,Raskolnikov,https://play-lh.googleusercontent.com/a-/ALV-UjVBAugOri6rwBC5c7wPJ4f1Xc0aNxD6KIaVZ_-WNFmECBItnbg,LeÅŸ gibi app,1,1,7.1.7,2024-05-07 23:02:15,,,7.1.7,Apps like carrot,"{'roberta_neg': 0.05760343, 'roberta_neu': 0.6898141, 'roberta_pos': 0.25258243}",0.05760343,0.6898141,0.25258243,0.194979,Usability and Design
b32bd1bd-f857-44a4-99fe-c4d11747b6a5,Aashish Shrestha,https://play-lh.googleusercontent.com/a/ACg8ocJW-S7vwRiAsRD02mRaEZZUl78MJrNcyUhKheiXSqj6rtpXFA=mo,Good,5,0,6.4,2024-05-07 09:24:17,"Thank you so much for sharing your positive feedback with usğŸ’š
",2024-05-07 13:04:06,6.4,Good,"{'roberta_neg': 0.060793318, 'roberta_neu': 0.32942772, 'roberta_pos': 0.609779}",0.060793318,0.32942772,0.609779,0.54898566,General Feedback
02183c66-e333-4847-b201-64ff6adea76f,Arif Teyimur Demirci,https://play-lh.googleusercontent.com/a-/ALV-UjXvcURPkGHzjLy6WjHNHy9cDo9aGtiIbtiGb-otISgoH9FQdpkp,"Ne yapÄ±yorsunuz, sadece uÃ§ak, otobÃ¼s bilgilerini firmalardan Ã§ekip aracÄ± olmak, bilet satmak.. Peki, ters giden birÅŸeyde mÃ¼ÅŸteriler kime baÄŸlanacak, kimden yardÄ±m isteyecek? Bu ne baÅŸÄ±boÅŸ bir iÅŸ? Bir robot koymuÅŸsunuz sitenize, ona mÄ± derdimizi anlatacaÄŸÄ±z? OtobÃ¼sten, uÃ§aÄŸa, araÃ§ kiralamaya herÅŸeye eliniz uzanmÄ±ÅŸ ama sÄ±kÄ±ntÄ± yaÅŸayan bir adamÄ±n ulaÅŸabileceÄŸi bir kimse yok! KaÃ§ dakika daha mÃ¼ÅŸteri temsilcisini telefonda bekleyeceÄŸiz? Sabah 8.00'da mÃ¼ÅŸteri temsilcisi nasÄ±l yoÄŸun oluyor? Bu ne?",1,0,,2024-04-28 05:31:06,"Merhaba, Ã–ncelikle yaÅŸadÄ±ÄŸÄ±nÄ±z deneyim iÃ§in Ã¼zgÃ¼nÃ¼z. YaptÄ±ÄŸÄ±mÄ±z kontroller sonucunda isminize yapÄ±lan bir rezervasyona rastlayamadÄ±k. YaÅŸadÄ±ÄŸÄ±nÄ±z durumu detaylÄ± Ã¶ÄŸrenmek ve Ã§Ã¶zÃ¼m sunmak isteriz. Konuyla ilgili size ulaÅŸabilmemiz iÃ§in iletiÅŸim bilgilerinizi talep@enuygun.com adresine iletebilir misiniz?
",2024-04-28 05:49:39,,"What are you doing, just with aircraft, bus information from the companies to be a vehicle, sell tickets .. Well, to whom the customers will be connected to something wrong, who will ask for help?What is this a stray job?You put a robot to your site, will we tell him about our problem?There is no one to reach a man from the bus, a plane, a car rental, but a man who has a hard -to -reach man!How many minutes will we wait for the customer representative on the phone?How is the customer representative in busy at 8.00 in the morning?What's this?","{'roberta_neg': 0.8904295, 'roberta_neu': 0.101614974, 'roberta_pos': 0.007955592}",0.8904295,0.101614974,0.007955592,-0.8824739,Customer Service
5fb035df-ae9d-41d5-8c10-f75cf28917e0,E. H.,https://play-lh.googleusercontent.com/a/ACg8ocI_R1FHGwJZIlDEslz8dAexs7AQmr8OO4yD3joj9Nu41X-EHw=mo,Very efficient mobile application! Thank you!,5,0,7.1.7,2024-04-20 18:21:51,"Hello, Thank you for your evaluation and comment.ğŸ’š
",2024-04-21 06:42:35,7.1.7,Very efficient mobile application! Thank you!,"{'roberta_neg': 0.0015441047, 'roberta_neu': 0.010918029, 'roberta_pos': 0.98753786}",0.0015441047,0.010918029,0.98753786,0.98599374,General Feedback
7ff37584-1135-4961-818b-5f74dcffb41a,Hiba Es,https://play-lh.googleusercontent.com/a-/ALV-UjX3aDqE2Y5bcy9QyWLCr0WPAQZEyel0LltXCy1A5G6EK5Bk_OCY,Nice,3,0,7.1.7,2024-04-20 17:45:32,"Hello, thank you for your feedback! ğŸ’š



